Username,Salt,Password
Radek,e782c22edbe16e7c009cf2949efc7afd,3958daa1c75591a43438b676d5d99e7ec91a990f560b5fa5431e108552b049e2
Julia,9d5268113146d4608cb0e9822152e110,1ec6062f2dbff8e59cd1b231ddc21aa62d0280c8bead907b89870200dc2b17a5
Kasia,9842a18493be61a5bbf36c5c931910f6,b665162374c189c805c6e4acd91c2c4c2ff35e57a1f5df4785769b83f5c567ca
bobbyb,30d64dc0fac00a30712469525a2129ab,335667e7cc7a32afbb2d967f2a8e315dcef7a6aa8a67060c95bc8477427acaa0
charly,e8149d7fad901fb60677685d8f294791,56e429176b48aafc2339187c735849d88f1c4e26f444b6e53db5129d305308ed
david0dav,b3646f1d217fb593a20c5552cd99d1d9,1a207cf956bef44df9e6bb615a4bc4f194c9025398b5278012ac8d451585ee9c
emilyem,33b4425d365f85ce0034492755e146d0,e743d552c80d2b0737b4a438ab02076489fef5737a85d6aa35be6098a06d2729
frankrank,69c1b255af8ad2db522197357cecf9c7,ffb43e1537a3841817655fd75f6ed4be743f91319ab1950bb4c13408d4abdf9e
gracee,811285832be6d268fe314c3a9a6a03cb,aaf7639dcb818796f8b4ec9a0df22fd35789cdd263891450a2b1a49f86771620
henryh,a69c3eaa326e5c84f063d9a89b1ae3ef,5f32aa07d72eff49ec86bb5a4473f1e0dc5336b7b8ec6d80d7590ec535e954c5
isabellab,68b7893cb7d55c38960dc60c8a2effc1,e2eecc86492fcabed2d4453e8835024913c890c0f7da4a4197db4f3d546a7f86
jackjack,d86c4ed2b6e3665810266af5f47fc046,16b2b98ad12c177d738d6874845f2570974ab1a309957509073599878b6f7d24
